"acoustic panel","acoustic panel"
"advertisement","advertisement"
"air conditioner","air conditioner"
"air conditioning","air conditioning"
"air duct","air duct"
"air freshener","air freshener"
"unknown/ probably air refresher","air freshener"
"air heater","air heater"
"air hockey","air hockey"
"air purifier","air purifier"
"air refresher","air refresher"
"air vent","air vent"
"air vent fan","air vent fan"
"air vent installation","air vent installation"
"aisle frame","aisle frame"
"alarm","alarm"
"alarm clock","alarm clock"
"alarm control","alarm control"
"alarm controller","alarm controller"
"album","album"
"unknown/ probably albums","album"
"albums","albums"
"unknown/ probaby albums","albums"
"alcohol bottles","alcohol bottles"
"american flag","american flag"
"amp","amplifier"
"amplifier","amplifier"
"guitar amp","amplifier"
"guitar amplifier","amplifier"
"guitar box","amplifier"
"antique clock","antique clock"
"antique telehone","antique telephone"
"antique telephone","antique telephone"
"antlers","antlers"
"apple","apple"
"appliance","appliance"
"unknown machines","appliance"
"apron","apron"
"aquarium","aquarium"
"arcade","arcade"
"arcade game","arcade game"
"arch","arch"
"archway","archway"
"aemchair","armchair"
"arm chair","armchair"
"armchair","armchair"
"armchir","armchair"
"art frame","art frame"
"artframe","art frame"
"art piece","art piece"
"art/clutter","art/clutter"
"art/muscle shell","art/muscle shell"
"art/statue","art/statue"
"art work","artwork"
"artwork","artwork"
"artwork frame","artwork frame"
"ashtray","ashtray"
"attic door","attic door"
"attic entrance","attic entrance"
"attic hatch","attic hatch"
"audio cable","audio cable"
"audio cables","audio cables"
"audio player","audio player"
"axe","axe"
"baby chair","baby chair"
"baby changing station","baby changing station"
"baby changing table","baby changing table"
"baby seat","baby seat"
"backpack","backpack"
"backrest","backrest"
"backsplash","backsplash"
"bag","bag"
"unknown/ probably bag","bag"
"bag with sheets","bag with sheets"
"bag with something","bag with something"
"bags","bags"
"balcony","balcony"
"balcony railing","balcony railing"
"balcony reiling","balcony railing"
"balk","ball"
"ball","ball"
"ball chair","ball chair"
"ball pool","ball pool"
"ball pouffe","ball pouffe"
"balustrade","balustrade"
"banister","banister"
"stair railing","banister"
"banner","banner"
"bar","bar"
"bar cabinet","bar cabinet"
"bar chair","bar chair"
"bar soap","bar soap"
"barbecue","barbecue"
"barbell","barbell"
"barrel","barrel"
"base","base"
"baseball bat","baseball bat"
"baseball cap","baseball cap"
"baseboard","baseboard"
"basin","basin"
"basin faucet","basin faucet"
"bascet","basket"
"basket","basket"
"basket ","basket"
"herb basket","basket"
"towel basket","basket"
"towels in a basket","basket"
"unknown/ probably basket","basket"
"basket of fruits","basket of fruits"
"basket of something","basket of something"
"basket of towels","basket of towels"
"basket /w books","basket with books"
"basket with clothes","basket with clothes"
"basket wqith clothes","basket with clothes"
"basketball hoop","basketball hoop"
"basketballs","basketballs"
"baskets","baskets"
"bath","bath"
"bath bar","bath bar"
"bath cabinet","bath cabinet"
"bath carpet","bath carpet"
"bath cosmetics","bath cosmetics"
"bath curtain","bath curtain"
"bath curtain bar","bath curtain bar"
"bath dial","bath dial"
"bath door","bath door"
"bath door frame","bath door frame"
"bath faucet","bath faucet"
"bath floor","bath floor"
"bath grab bar","bath grab bar"
"bath hanger","bath hanger"
"bath mat","bath mat"
"bath shelf","bath shelf"
"bath shower","bath shower"
"bath side table","bath side table"
"bath sink","bath sink"
"bath tap","bath tap"
"bath towel","bath towel"
"bath towels","bath towels"
"bat tube","bath tub"
"bath tub","bath tub"
"bath tube","bath tub"
"bath utensil","bath utensil"
"bath wall","bath wall"
"bathmat","bathmat"
"bathrobe","bathrobe"
"bathroom accessory","bathroom accessory"
"bathroom accessory ","bathroom accessory"
"bathroom art","bathroom art"
"batroom art","bathroom art"
"bathroom cabinet","bathroom cabinet"
"bathroom cabint","bathroom cabinet"
"bathroom cabinet door","bathroom cabinet door"
"bathroom cabinet drawer","bathroom cabinet drawer"
"bathroom counter","bathroom counter"
"bathroom floor","bathroom floor"
"bathroom glass","bathroom glass"
"bathroom  mat","bathroom mat"
"bathroom mat","bathroom mat"
"bathroom rug","bathroom rug"
"bathroom shelf","bathroom shelf"
"bathroom stuff","bathroom stuff"
"bathroom towel","bathroom towel"
"bathroom utencils","bathroom utensil"
"bathroom utensil","bathroom utensil"
"bathroom utencills","bathroom utensils"
"bathroom wall","bathroom wall"
"bathroom window","bathroom window"
"bathtub","bathtub"
"bathtub ","bathtub"
"bathtube","bathtub"
"tub","bathtub"
"bathtub knob","bathtub knob"
"bathtub platform","bathtub platform"
"bathtub tap","bathtub tap"
"bathtub utensil","bathtub utensil"
"beam","beam"
"bean bag chair","bean bag chair"
"beanbag","beanbag"
"beanbag chair","beanbag chair"
"bed","bed"
"bed ","bed"
"mattress","bed"
"bed base","bed base"
"bed cabinet","bed cabinet"
"bed cabinet lamp","bed cabinet lamp"
"bed comforter","bed comforter"
"bed curtain","bed curtain"
"bed for pet","bed for pet"
"bed ladder","bed ladder"
"bed light","bed light"
"bed sheet","bed sheet"
"bed small","bed small"
"bed stand","bed stand"
"bed table","bed table"
"bed table ","bed table"
"bedding","bedding"
"bed frame","bedframe"
"bedframe","bedframe"
"bedpost","bedpost"
"bedroom ceiling","bedroom ceiling"
"bedroom table","bedroom table"
"badside cabinet","bedside cabinet"
"bedside cabinet","bedside cabinet"
"bedside cabinet door","bedside cabinet door"
"bedside cabinet drawer","bedside cabinet drawer"
"bed lamp","bedside lamp"
"bedside lamp","bedside lamp"
"beside table","bedside table"
"bedside table","bedside table"
"beer crate","beer crate"
"bell","bell"
"belt","belt"
"bench","bench"
"hot drinks machine","beverage dispenser"
"bicycle","bicycle"
"bike","bicycle"
"bicycle helmet","bicycle helmet"
"bicycle helmets","bicycle helmets"
"bidet","bidet"
"big bag","big bag"
"billiard balls","billiard balls"
"billiard cue","billiard cue"
"billiard cues","billiard cues"
"BIN","bin"
"bin","bin"
"unknown/ bin?","bin"
"unknown/ bin? ","bin"
"unknown/ probably bin","bin"
"binder","binder"
"binders","binders"
"birdhouse","birdhouse"
"brackboard","blackboard"
"blackboard","blackboard"
"blanket","blanket"
"blanket basket","blanket basket"
"blankets","blankets"
"blind","blinds"
"blinder","blinds"
"blinds","blinds"
"roller blind","blinds"
"window blinds","blinds"
"blouse","blouse"
"board","board"
"unknown/ probably board","board"
"board game","board game"
"board games","board games"
"board with keys","board with keys"
"boards","boards"
"boat model","boat model"
"boiler","boiler"
"bojler","boiler"
"unknown/ probably boiler","boiler"
"bonsai tree","bonsai tree"
"book","book"
"book ","book"
"books","book"
"stricker book","book"
"unknown/ probably books ","book"
"unknown/ probably a book","book"
"unknown/ probably book","book"
"unknown/ probably books","book"
"unknown/ probably books or albums","book"
"unknown/ probably coocking books","book"
"book cabinet","book cabinet"
"book display","book display"
"book rack","book rack"
"book shape","bookshelf"
"book shelf","bookshelf"
"bookcase","bookshelf"
"bookshelf","bookshelf"
"Bookshelf","bookshelf"
"bookstand","bookstand"
"boots","boots"
"bottle","bottle"
"glass bottle","bottle"
"unknown/ probably bottle","bottle"
"water bottle","bottle"
"bottle dispenser","bottle dispenser"
"bottle of detergent","bottle of detergent"
"bottle of  soap","bottle of soap"
"bottle of soap","bottle of soap"
"bottle of water","bottle of water"
"bottle of wine","bottle of wine"
"bottle opener","bottle opener"
"bootles","bottles"
"bottlels","bottles"
"bottles","bottles"
"bottles of water","bottles of water"
"bottles of wine","bottles of wine"
"bottom of stairs","bottom of stairs"
"bouquet","bouquet"
"bowl","bowl"
"sweets bowl","bowl"
"unknown/ probably bowl","bowl"
"bowl of fruit","bowl of fruit"
"bowl of fruits","bowl of fruits"
"bowl of sweets","bowl of sweets"
"bowl with sweets","bowl with sweets"
"bowls","bowls"
"box","box"
"tabletop box","box"
"tea box","box"
"tin","box"
"towel box","box"
"unknown/ probably box","box"
"unknown/ probably desk or box","box"
"box of food","box of food"
"box of fruit","box of fruit"
"box of paper","box of paper"
"box of something","box of something"
"box of tissue","box of tissue"
"box of  tissues","box of tissues"
"box of tissues","box of tissues"
"box tissues","box of tissues"
"box pen","box pen"
"box with books","box with books"
"box /w books","box with books"
"box with jewellery","box with jewelry"
"box with photos","box with photos"
"box /w shoes","box with shoes"
"box with tea","box with tea"
"box /w toys","box with toys"
"boxes","boxes"
"tea boxes ","boxes"
"tea boxes","boxes"
"pile of boxes","boxes"
"boxes /w books","boxes with books"
"boxing ring","boxing ring"
"bread","bread"
"bread bin","bread bin"
"bread box","bread box"
"breadbox","breadbox"
"bricks","bricks"
"bridge","bridge"
"breifcase","briefcase"
"briefcase","briefcase"
"brochure","brochure"
"brtochure","brochure"
"brochures","brochures"
"broom","broom"
"broom stick","broomstick"
"broomstick","broomstick"
"brush","brush"
"brushes","brushes"
"bucket","bucket"
"buckets","buckets"
"buffet","buffet"
"bulletin board","bulletin board"
"bunk bed","bunk bed"
"bureau","bureau"
"bust","bust"
"button","button"
"cabidet","cabinet"
"cabient","cabinet"
"cabiinet","cabinet"
"cabinet","cabinet"
" cabinet","cabinet"
"cebinet","cabinet"
"cupboard","cabinet"
"toilet cabinet","cabinet"
"unknown/probably cabinet","cabinet"
"unknown/ probably cabinet","cabinet"
"cabinet /otherroom","cabinet /otherroom"
"cabinet /w clutter","cabinet /w clutter"
"cabinet /w cluttered art","cabinet /w cluttered art"
"cabinet clutter","cabinet clutter"
"cabinet counter","cabinet counter"
"cabinet  door","cabinet door"
"cabinet door","cabinet door"
"cabinet drawer","cabinet drawer"
"cabinet kitchen","cabinet kitchen"
"cabinet mirror","cabinet mirror"
"cabinet parts","cabinet parts"
"cabinet table","cabinet table"
"cable","cable"
"cables","cables"
"cage","cage"
"cake","cake"
"calculator","calculator"
"unknown/ probably calculator","calculator"
"calander","calendar"
"calendar","calendar"
"camera","camera"
"camping chair","camping chair"
"can","can"
"can of paint","can of paint"
"canal","canal"
"candelabra","candelabra"
"candel","candle"
"candle","candle"
"candle ","candle"
"candles","candle"
"unknown/ probably candle","candle"
"unknown/ probably candle stand","candle"
"unknown/ probably candles","candle"
"candle holder","candle holder"
"candle stand","candle stand"
"candlestick","candlestick"
"canister","canister"
"canoe","canoe"
"canopy","canopy"
"unknown/ probably canopy","canopy"
"cans","cans"
"cans of paint","cans of paint"
"canvas","canvas"
"cap","cap"
"car","car"
"car model","car model"
"card","card"
"cardboard","cardboard"
"cartboard","cardboard"
"carboard box","cardboard box"
"cardboard box","cardboard box"
"cardboardbox","cardboard box"
"carpet","carpet"
"cerpet","carpet"
"carpet roll","carpet roll"
"cart","cart"
"case","case"
"cases","cases"
"cash register","cash register"
"casket","casket"
"unknown/ probably casket","casket"
"video cassette","cassette"
"cat","cat"
"cat bed","cat bed"
"cat food","cat food"
"cat food bag","cat food bag"
"cat litter box","cat litter box"
"cats toilet","cat toilet"
"cat tree","cat tree"
"cd","cd"
"cd player","cd player"
"cd's","cds"
"cds","cds"
"Ceiling","ceiling"
"ceiling  ","ceiling"
"ceiling ","ceiling"
"celing ","ceiling"
"ceiiling","ceiling"
"ceiilng","ceiling"
"ceiliing","ceiling"
"ceiling","ceiling"
"ceiling /otheroom","ceiling"
"ceiling /otherroom","ceiling"
"ceilling","ceiling"
"celing","ceiling"
"cieling","ceiling"
"sauna ceiling","ceiling"
"ceiling arch","ceiling arch"
"ceiling bedroom","ceiling bedroom"
"ceiling boarder","ceiling boarder"
"ceiling border","ceiling border"
"ceiling chasis","ceiling chassis"
"ceiling corridor","ceiling corridor"
"ceiling decorative lamp","ceiling decorative lamp"
"ceiling dome","ceiling dome"
"ceiling door","ceiling door"
"ceiling duck","ceiling duct"
"ceiling duct","ceiling duct"
"ceiling fan","ceiling fan"
"ceiling fan ","ceiling fan"
"ceiling lan","ceiling fan"
"ceiling fan lamp","ceiling fan lamp"
"ceiling fan vent","ceiling fan vent"
"ceiling fire detector","ceiling fire detector"
"ceiling fixture","ceiling fixture"
"ceiling floor","ceiling floor"
"ceiling hanger","ceiling hanger"
"ceiling ladder","ceiling ladder"
"cailing lamp","ceiling lamp"
"ceiliing lamp","ceiling lamp"
"ceiling  lamp","ceiling lamp"
" ceiling lamp","ceiling lamp"
"ceiling lamp ","ceiling lamp"
"ceiling lamp","ceiling lamp"
"ceiling light","ceiling lamp"
"ceiling light ","ceiling lamp"
"ceiling LIGHT","ceiling lamp"
" ceiling light","ceiling lamp"
"ceilling lamp","ceiling lamp"
"celing lamp","ceiling lamp"
"lamp ceiling","ceiling lamp"
"ceiling lamp hanger","ceiling lamp hanger"
"ceiling lamp rail","ceiling lamp rail"
"ceiling  light","ceiling light"
"ceiling light fixture connection","ceiling light fixture connection"
"ceiling llower","ceiling lower"
"ceiling lower","ceiling lower"
"celing lower","ceiling lower"
"ceiling molding","ceiling molding"
"ceiling panel","ceiling panel"
"ceiling pipe","ceiling pipe"
"ceiling pipes","ceiling pipe"
"ceiling support","ceiling support"
"ceiling under staircase","ceiling under staircase"
"ceiling under stairs","ceiling under stairs"
"ceiling  vent","ceiling vent"
"ceiling air vent","ceiling vent"
"ceiling vent","ceiling vent"
"ceiling wall","ceiling wall"
"ceiling window","ceiling window"
"ceiling/ wall west","ceiling/west wall"
"ceiling/ west wall","ceiling/west wall"
"ceiling/west wall","ceiling/west wall"
"central heating furnace","central heating furnace"
"ceramics","ceramics"
"chain","chain"
"cair","chair"
"chair","chair"
"chair ","chair"
"CHAIR","chair"
"chair /otherroom","chair"
"chiar","chair"
"table chair","chair"
"therapeutic chair","chair"
"unknown/ probably solarium chair","chair"
"chair /w clutter","chair /w clutter"
"chair stand","chair stand"
"chaise","chaise"
"Chaise longue","chaise longue"
"chaise longue","chaise longue"
"chamber pot","chamber pot"
"chandelier","chandelier"
"changing table","changing table"
"charger","charger"
"unknown/ probably charger","charger"
"chasis","chassis"
"chess","chess"
"chest","chest"
"chest ","chest"
"chest bench","chest bench"
"chest drawer","chest drawer"
"chest of drawer","chest of drawer"
"chest drawers","chest of drawers"
"chest of drawers","chest of drawers"
"chest of drawres","chest of drawers"
"chest of dreawers","chest of drawers"
"child car seat","child car seat"
"chimney","chimney"
"christmas tree","christmas tree"
"circular sofa","circular sofa"
"clarinet","clarinet"
"cleaner","cleaner"
"cleaner bottle","cleaner bottle"
"cleaner brush","cleaner brush"
"cleaning clutter","cleaning clutter"
"cleaning fluid","cleaning fluid"
"cleaning liquid","cleaning liquid"
"cleaning paper","cleaning paper"
"cleaning paste","cleaning paste"
"cleaning powders/ liquids","cleaning powders/ liquids"
"cleaning sponge","cleaning sponge"
"cleaning spray","cleaning spray"
"clock","clock"
"unknown/ probably clock","clock"
"closet","closet"
"closet area for hanging clothes","closet area for hanging clothes"
"closet door","closet door"
"closet door ","closet door"
"closet floor","closet floor"
"closet mirror wall","closet mirror wall"
"closet rod","closet rod"
"closet shelf","closet shelf"
"closet shelving","closet shelving"
"closet storage area","closet storage area"
"cloth","cloth"
"wool","cloth"
"cloth dryer","cloth dryer"
"cloth hanger","cloth hanger"
"cloth hangers","cloth hangers"
"cloth holder","cloth holder"
"clothes","clothes"
"clothes ","clothes"
" clothes","clothes"
"pile of clothes","clothes"
"ubnknown/ probably clothes","clothes"
"unknown/ probably clothes","clothes"
"clothes bag","clothes bag"
"clothes container","clothes container"
"clotes dryer","clothes dryer"
"clothes dryer","clothes dryer"
"dryer","clothes dryer"
"clothes hamper","clothes hamper"
"clothes hanger","clothes hanger"
"clothes hanger rod","clothes hanger rod"
"clothes on shelf","clothes on shelf"
"clothes  rack","clothes rack"
"clothes rack","clothes rack"
" clothes rack","clothes rack"
"clothing stand","clothing stand"
"clutter","clutter"
"kitchen stuff","clutter"
"table clutter","clutter"
"unknown cluter","clutter"
"unknown clutter","clutter"
"unknown/ pile of something","clutter"
"unkown clutter","clutter"
"coach","coach"
"coaster","coaster"
"coat","coat"
"coat hanger","coat hanger"
"coat rack","coat rack"
"cofee table","coffee machine"
"coffe machine","coffee machine"
"coffee machine","coffee machine"
"coffie machine","coffee machine"
"coffiee machine","coffee machine"
"cooffe machine","coffee machine"
"unknown/ probably coffee machine","coffee machine"
"coffee maker","coffee maker"
"coffee mug","coffee mug"
"coffe table","coffee table"
"coffee table","coffee table"
"coffiee table","coffee table"
"coffy table","coffee table"
"column","column"
"compound wall","compound wall"
"compressor","compressor"
"computer","computer"
"unknown/ probably computer","computer"
"computer chair","computer chair"
"computer chair ","computer chair"
"computer desk","computer desk"
"computer equipment","computer equipment"
"computer mouse","computer mouse"
"computer tower","computer tower"
"condensation furnace","condensation furnace"
"condiment","condiment"
"cone","cone"
"conference phone","conference phone"
"console","console"
"console pad","console pad"
"console pad charger","console pad charger"
"construction stuff","construction stuff"
"container","container"
"washing container","container"
"containers","containers"
"control","control"
"control panel","control panel"
"controller","controller"
"cookbook","cook book"
"coocker","cooker"
"cooker","cooker"
"cooker hood","cooker hood"
"cookies","cookies"
"copier","copier"
"copier machine","copier machine"
"cork board","cork board"
"cornice","cornice"
"cosmetic","cosmetic"
"cosmetics","cosmetics"
"unknown/ probably cosmetic","cosmetics"
"unknown/ probably cosmetics","cosmetics"
"couch","couch"
"counter","counter"
"toilet counter","counter"
"counter desk","counter desk"
"counter door","counter door"
"countertop","countertop"
"countertop /otherroom","countertop /otherroom"
"countertop item","countertop item"
"cover","cover"
"cradle","cradle"
"crate","crate"
"crayon","crayon"
"crib","crib"
"cross","cross"
"cross-trainer","cross-trainer"
"cross-trainer ","cross-trainer"
"crutches","crutches"
"cuddly toy","cuddly toy"
"cup","cup"
"toothbrush cup","cup"
"toothbrush holder","cup"
"unknown /probably cup","cup"
"unknown/ proably cup","cup"
"cups","cups"
"unknown/ probably cups","cups"
"pile of cups","cups"
"curb","curb"
"certain","curtain"
"courtain","curtain"
"curatin","curtain"
"CURTAIN","curtain"
"curtain","curtain"
"curtain ","curtain"
"curtain /otheroom","curtain"
"curtains","curtain"
"curtain bar","curtain bar"
"curtain box","curtain box"
"curtain hanger","curtain hanger"
"curtain rail","curtain rail"
"curtain rail ","curtain rail"
"curtain  rod","curtain rod"
"curtain rod","curtain rod"
"curtain rod cover","curtain rod cover"
"curtain valence","curtain valence"
"cushiom","cushion"
"cushion","cushion"
"cutlery","cutlery"
"cutting board","cutting board"
"cutting boards","cutting board"
"kitchen board","cutting board"
"cyp","cyp"
"dartboard","dartboard"
"deck chair","deck chair"
"decoder","decoder"
"decor","decor"
"deccoration","decoration"
"decooration","decoration"
"decoratinon","decoration"
"decoratiom","decoration"
"decoration","decoration"
"decorations","decoration"
"decoratrion","decoration"
"decorayion","decoration"
"decotarion","decoration"
"decration","decoration"
"mask decoration","decoration"
"stripes","decoration"
"unknown/ probably decoration","decoration"
"unknown/probably decoration","decoration"
"wal hanging decoration","decoration"
"wall sticker","decoration"
"wind chime","decoration"
"decorative bottle","decorative bottle"
"decoration bowl","decorative bowl"
"decorative bowl","decorative bowl"
"decorative ceramic","decorative ceramic"
"decorative cloth","decorative cloth"
"decorative dinnerware","decorative dinnerware"
"dinnerware decoration","decorative dinnerware"
"decorative frame","decorative frame"
"decorative lamp","decorative lamp"
"decorative lantern","decorative lantern"
"decorative mask","decorative mask"
"decoration plan","decorative plant"
"decoration plant","decorative plant"
"decorative pl;ant","decorative plant"
"decorative plant","decorative plant"
"decorative plants","decorative plant"
"decoratrive plant","decorative plant"
"unknown/ probably decorative plant","decorative plant"
"decoartive plate","decorative plate"
"decor plate","decorative plate"
"decorative plate","decorative plate"
"decorative quilt","decorative quilt"
"decorative tray","decorative tray"
"decorative vase","decorative vase"
"decorative vessel","decorative vessel"
"decoration window","decorative window"
"dehumidifier","dehumidifier"
"den","den"
"desk","desk"
"DESK","desk"
"desk cabinet","desk cabinet"
"desk chair","desk chair"
"desk clutter","desk clutter"
"desk door","desk door"
"desk lamp","desk lamp"
"lamp desk","desk lamp"
"desk organizer","desk organizer"
"detergents","detergent"
"washing liquid","detergent"
"detergent bottle","detergent bottle"
"detergent bottles","detergent bottle"
"device","device"
"device ","device"
"device/ probably paper shredder","device"
"dining chair","dining chair"
"dining table","dining table"
"dinner chair","dinner chair"
"dinner table","dinner table"
"dinnerware","dinnerware"
"diplom","diploma"
"diploma","diploma"
"dirt ground","dirt ground"
"dish","dish"
"dish with food","dish"
"disk","dish"
"dish cabinet","dish cabinet"
"dish dryer","dish dryer"
"dishes dryer","dish dryer"
"dish rack","dish rack"
"dishes","dishes"
"dishrag","dishrag"
"dish washer","dishwasher"
"dishawasher","dishwasher"
"dishwasher","dishwasher"
"dishwasher machine","dishwasher"
"unknown/ probably dishwasher","dishwasher"
"washdisher machine","dishwasher"
"dispenser","dispenser"
"display","display"
"display cabinet","display cabinet"
"display case","display case"
"display of pictures","display of pictures"
"display table","display table"
"document","document"
"documents","document"
"framed document","document"
"letter","document"
"document holder","document holder"
"dog bed","dog bed"
"dog leash","dog leash"
"dog toy","dog toy"
"doile","doily"
"doily","doily"
"doll","doll"
"dool","doll"
"door","door"
"DOOR","door"
" door ","door"
"door  ","door"
"door ","door"
"doors","door"
"dorr","door"
"stove door","door"
"terrace door","door"
"toilet sliding door","door"
"tv stand door","door"
"unknown/ probably attic entrance","door"
"door /otherroom","door /otherroom"
"door cabinet","door cabinet"
" door frame","door frame"
" doorframe","door frame"
"door  frame","door frame"
"door drame","door frame"
"door f","door frame"
"door fame","door frame"
"door fframe","door frame"
"DOOR FRAME","door frame"
"door frame","door frame"
"door framr","door frame"
"door rame","door frame"
"doorframe ","door frame"
"doorf rame","door frame"
"doorframe","door frame"
"door handle","door handle"
"door hanger","door handle"
"door  hinge","door hinge"
"door hine","door hinge"
"door hinge","door hinge"
"door kinge","door hinge"
" door knob","door knob"
"door knob","door knob"
"door knob ","door knob"
"door screen","door screen"
"insect door","door screen"
"door stoper","door stopper"
"door stopper","door stopper"
"door stoppper","door stopper"
"door window","door window"
"door window ","door window"
"door/window","door/window"
"door/window frame","door/window frame"
"doorbell","doorbell"
"door mat","doormat"
"doormat","doormat"
"doorpost","doorpost"
"doorstep","doorstep"
"doorway","doorway"
"double armchair","double armchair"
"drain","drain"
"drainage","drainage"
"drainpipe","drainpipe"
"draw","draw"
"drawer","drawer"
"wardrobe drawer","drawer"
"drawer cabinet","drawer cabinet"
"drawer cart","drawer cart"
"drawer desk","drawer desk"
"drawer sink table","drawer sink table"
"drawers","drawers"
"office drawer","drawers"
"organizer drawers","drawers"
"drawers for clothes","drawers for clothes"
"drawing","drawing"
"dress","dress"
"dreser","dresser"
"dresser","dresser"
"dressing table","dressing table"
"dried flowers","dried flowers"
"drill","drill"
"public tap","drinking fountain"
"drum","drum"
"drums","drum"
"unknown/ probably drum","drum"
"unknown/ probably drums","drum"
"drywall board","drywall board"
"drywall boards","drywall board"
"duct","duct"
"dumb bell","dumbbell"
"dumb-bells","dumbbell"
"dumbbel","dumbbell"
"dumbbell","dumbbell"
"dumbbell handles","dumbbell"
"dumbbells","dumbbell"
"dust bin","dustbin"
"dustbin","dustbin"
"dustpan","dustpan"
"duvet","duvet"
"dvd","dvd"
"dvd movies","dvd"
"dvds","dvd"
"DVDs","dvd"
"dvd player","dvd player"
"easel","easel"
"easels","easel"
"easy chair","easy chair"
"electric box","electric box"
"electric cable","electric cable"
"electric cord","electric cord"
"electric device","electric device"
"electric drums","electric drum"
"electric freshener","electric freshener"
"electric guitar","electric guitar"
"electric guitar pack","electric guitar"
"electric heater","electric heater"
"electric hub","electric hub"
"electric installation","electric installation"
"electric kettle","electric kettle"
"electric outlet","electric outlet"
"electric percussion","electric percussion"
"electric plug","electric plug"
"electric toothbrush","electric toothbrush"
"electric wire","electric wire"
"electric wire ","electric wire"
"electric wire casing","electric wire casing"
"electrical box","electrical box"
"electrical controller","electrical controller"
"electrical device","electrical device"
"electrical installation","electrical installation"
"electrical switchboard","electrical switchboard"
"electricity box","electricity box"
"electronics","electronics"
"elephant sculpture","elephant sculpture"
"elevator","elevator"
"elevator door","elevator door"
"emergency sign","emergency sign"
"end table","end table"
"entertainment set","entertainment set"
"entrance arch","entrance arch"
"entry phone","entry phone"
"excersie ball","exercise ball"
"excersie equipment","exercise equipment"
"excercise mat","exercise mat"
"exercise ball","exercise ball"
"exercise bike","exercise bike"
"exercise equipment","exercise equipment"
"exercise ladder","exercise ladder"
"exercise machine","exercise machine"
"exercise mat","exercise mat"
"exercise mat roll","exercise mat roll"
"exercising blocks","exercising blocks"
"exhaust pipe","exhaust pipe"
"exhibition panel","exhibition panel"
"exhibition picture","exhibition picture"
"exhibition table","exhibition table"
"exhibition window","exhibition window"
"exhibition window ","exhibition window"
"exhibition window frame","exhibition window frame"
"exit sign","exit sign"
"extension cord","extension cord"
"extension lead","extension lead"
"extractor","extractor"
"extractor hood","extractor hood"
"eyeglasses","eyeglasses"
"fan","fan"
"fans","fan"
"unknown/ probably air vent fan","fan"
"unknown/ probably fan vent","fan"
"fan air vent","fan air vent"
"fan-coil","fan coil"
"faucet","faucet"
"fence","fence"
"figure","figure"
"figurine","figurine"
"file","file"
"files","file"
"file binder","file binder"
"file cabinet","file cabinet"
"fire alarm","fire alarm"
"unknown/ probably fire alarm","fire alarm"
"fire detector","fire detector"
"extinguisher","fire extinguisher"
"fire etenguisher","fire extinguisher"
"fire extinguisher","fire extinguisher"
"fire pit","fire pit"
"fire screen","fire screen"
"fire sprinkler","fire sprinkler"
"unknown// probably fire sprinkler","fire sprinkler"
"firebox","firebox"
"fireplace","fireplace"
"fireplace ","fireplace"
"wood burner","fireplace"
"fireplace brush","fireplace brush"
"fireplace floor","fireplace floor"
"fireplace mirror","fireplace mirror"
"fireplace sconce","fireplace sconce"
"fireplace shelf","fireplace shelf"
"fireplace tool set","fireplace tool set"
"fireplace utensil","fireplace utensil"
"fireplace wall","fireplace wall"
" fireplace wall","fireplace wall"
"firewood","firewood"
"firewood ","firewood"
"logs","firewood"
"firewood bag","firewood bag"
"firewood chest","firewood chest"
"firewood holder","firewood holder"
"fish tank","fish tank"
"fishing pole","fishing pole"
"fishing rod","fishing rod"
"fitness ball","fitness ball"
"flag","flag"
"flashlight","flashlight"
"tableware","flatware"
"unknown/ probably dinnerware","flatware"
"floer","floor"
"floor","floor"
"floor ","floor"
"Floor","floor"
"florr","floor"
"sauna floor","floor"
"tiled floor","floor"
"tiled floor ","floor"
"floor /otherroom","floor /otherroom"
"floor /outside","floor /outside"
"foor frame","floor frame"
"floor  lamp","floor lamp"
"floor lamp","floor lamp"
"foor lamp","floor lamp"
"floor  mat","floor mat"
"floor mat","floor mat"
"floormat","floor mat"
"floor stand","floor stand"
"floor  vent","floor vent"
"floor vent","floor vent"
"flower","flower"
"flower ","flower"
"FLOWER","flower"
" flower","flower"
"flowers","flower"
"ornament flower","flower"
"vase with flower","flower"
"flower stand","flower stand"
"flower  vase","flower vase"
"flower vase","flower vase"
"flowers in vase","flower vase"
"flowerbed","flowerbed"
"flower pot","flowerpot"
"flowerpot","flowerpot"
"fluorescent light","fluorescent light"
"flush","flush"
"flush button","flush button"
"flush buttons","flush button"
"flush push","flush push"
"unknown/ probably foam","foam"
"folded chair","folded chair"
"folded chairs","folded chair"
"folded table","folded table"
"folder","folder"
"folders","folder"
"folding chair","folding chair"
"folding stand","folding stand"
"food","food"
"unknown/ a pie?","food"
"unknown/ a pie? ","food"
"unknown/ probably cookies","food"
"food processor","food processor"
"food stand","food stand"
"food tray","food tray"
"foosball game table","foosball game table"
"foosball table","foosball table"
"foot spa","foot spa"
"foot stand","foot stand"
"football","football"
"foot rest","footrest"
"footrest","footrest"
"footstool","footstool"
"fork","fork"
"fframe","frame"
"frame","frame"
"frame door","frame"
"frame part","frame"
"unknown/ probably frame","frame"
"wood frame","frame"
"woor frame","frame"
"framed text","framed text"
"freezer","freezer"
"unknown/ probably fridge","fridge"
"fridge","fridge"
"fruit","fruit"
"fruits","fruit"
"fruit bowl","fruit bowl"
"frying pan","frying pan"
"fume cupboard","fume cupboard"
"fur","fur"
"fur carpet","fur carpet"
"furnace","furnace"
"heating furnace part","furnace"
"furniture","furniture"
"furniture parts","furniture"
"fuse box","fuse box"
"fuse panel","fuse panel"
"tabletop games","game"
"unknown/ probably board games","game"
"game board","game board"
"game console","game console"
"gap","gap"
"garage door","garage door"
"garage door frame","garage door frame"
"garage door motor","garage door motor"
"garage door opener","garage door opener"
"garage door opener bar","garage door opener bar"
"garage door opener motor","garage door opener motor"
"garage door opener railing","garage door opener railing"
"garage door railing","garage door railing"
"garage light","garage light"
"garden bench","garden bench"
"garden chair","garden chair"
"garden deck","garden deck"
"gas box","gas box"
"gas container","gas container"
"gas furnace","gas furnace"
"gas meter","gas meter"
"gate","gate"
"gauge","gauge"
"gift","gift"
"glass","glass"
"glass container","glass container"
"glass door","glass door"
"glass pane","glass pane"
"glasses","glasses"
"glasses ","glasses"
"unknown/ probably glasses","glasses"
"globe","globe"
"globe stand","globe stand"
"glove","gloves"
"gloves","gloves"
"glue","glue"
"goal","goalpost"
"golf sticks","golf sticks"
"grab bar","grab bar"
"gramophone","gramophone"
"grandfather clock","grandfather clock"
"grass","grass"
"grate","grate"
"gravel","gravel"
"grill","grill"
"groceries","groceries"
"guitar","guitar"
"guitar case","guitar case"
"guitar case suit","guitar case cover"
"guitar cases","guitar cases"
"guitar frame","guitar frame"
"guitar pedals","guitar pedals"
"guitar stand","guitar stand"
"guitar straps","guitar straps"
"gun","gun"
"gutter","gutter"
"gym equipment","gym equipment"
"gym-equipment","gym equipment"
"multi-gym","gym equipment"
"gym mat","gym mat"
"gym rope","gym rope"
"gym stepper","gym stepper"
"hairbrush","hair brush"
"hair dryer","hair dryer"
"hairdryer","hair dryer"
"hammer","hammer"
"hammock","hammock"
"hand cloth","hand cloth"
"hand drier","hand dryer"
"hand soap","hand soap"
"hand towel","hand towel"
"handbag","handbag"
"hand cart","handcart"
"handkerchiefs","handkerchiefs"
"handle","handle"
"toilet flush","handle"
"toilet handle","handle"
"handrail","handrail"
"handhold","handrail"
"hanger","hanger"
"hangers","hanger"
"hanging clothes","hanging clothes"
"hat","hat"
"unknown/ probably hat","hat"
"hatch","hatch"
"loft hatch","hatch"
"hats","hats"
"headboard","headboard"
"headphones","headphones"
"headset","headset"
"hearth","hearth"
"heater","heater"
"unknown/ probably heater","heater"
"heater  piping","heater piping"
"heater piping","heater piping"
"hi hat","hi-hat"
"hi hat stand","hi-hat stand"
"high shelf","high shelf"
"high chair","highchair"
"highchair","highchair"
"highchairs","highchair"
"holder","holder"
"puncher","hole puncher"
"holy cross","holy cross"
"hook","hook"
"garden hose","hose"
"hose","hose"
"hot water/cold water knob","hot water/cold water knob"
"hourglass","hourglass"
"hoverboard","hoverboard"
"hunting trophy","hunting trophy"
"hutch","hutch"
"ice maker","ice maker"
"icebox","icebox"
"identifier","identifier"
"information","information"
"installation","installation"
"instrument","instrument"
"iron","iron"
"iron ","iron"
"iron board","iron board"
"ironing board","ironing board"
"ironing board ","ironing board"
"island","island"
"jacket","jacket"
"jacuzzi","jacuzzi"
"jar","jar"
"unknown/ probably jar","jar"
"jars","jars"
"jewellery","jewelry"
"jewellery ehibition","jewelry"
"jewellery exhibition","jewelry"
"jewellery exposition","jewelry"
"Jewellery exposition","jewelry"
"jewelry","jewelry"
"jewelry box","jewelry box"
"jewlery box","jewelry box"
"jug","jug"
"junk","junk"
"keg","keg"
"kegerator","keg"
"kettle","kettle"
"keyboard","keyboard"
"keyboard ","keyboard"
"keyboard box","keyboard box"
"keyboard case suit","keyboard cover"
"keyboard piano","keyboard piano"
"midi keyboard","keyboard piano"
"keyboard stand","keyboard stand"
"keys","keys"
"kitchen appliance","kitchen appliance"
"unknown kitchen appliance","kitchen appliance"
"kitchen cabinet","kitchen cabinet"
"kitchen cabinet ","kitchen cabinet"
"kitchen coocking cabinet","kitchen cabinet"
"kitchen coocking cabinet ","kitchen cabinet"
"kitchen upper cabinet","kitchen cabinet"
"kitcyhen cabinet","kitchen cabinet"
"kitchen cabinet door","kitchen cabinet door"
"kitchen cabinet drawer","kitchen cabinet drawer"
"kitchen cabinet lower","kitchen cabinet lower"
"kitchen ceiling","kitchen ceiling"
"kitchen chair","kitchen chair"
"kitchen counter","kitchen counter"
"kitchen countertop","kitchen counter"
"kitchen countertop ","kitchen counter"
"kitchen coutertop item","kitchen counter item"
"kitchen counter support","kitchen counter support"
"kitchen countertop item","kitchen countertop item"
"kitchen countertop items","kitchen countertop items"
"kitchen decoration","kitchen decoration"
"kitchen extractor","kitchen extractor"
"kitchen glowes","kitchen gloves"
"kitchen handle","kitchen handle"
"kitchen island","kitchen island"
"kitchen knife set","kitchen knife set"
"kitchen lower cabinet","kitchen lower cabinet"
"kitchen lower shelf","kitchen lower shelf"
"kitchen sitting","kitchen seating"
"kitchen sitting ","kitchen seating"
"kitchen shelf","kitchen shelf"
"kitchen sink","kitchen sink"
"kitchen sink cabinet","kitchen sink cabinet"
"kitchen table","kitchen table"
"kitchen top","kitchen top"
"kitchen towel","kitchen towel"
"kitchen utensil","kitchen utensil"
"kitchen utensils","kitchen utensil"
"kitchen tools","kitchen utensils"
"kitchen untensils","kitchen utensils"
"kitchen wall","kitchen wall"
"kitchen walll","kitchen wall"
"kitchenware","kitchenware"
"kitchhen cabinet door","kitchen cabinet door"
"knife","knife"
"knife holder","knife holder"
"knife set","knife set"
"knofe set","knife set"
"knife stand","knife stand"
"knob","knob"
"tap dial","knob"
"l-shaped sofa","l-shaped sofa"
"lace doily","lace doily"
"lacy doily","lace doily"
"ladder","ladder"
"lamp","lamp"
"lamp ","lamp"
"lamps","lamp"
"lmap","lamp"
"unknown/ probably lamp","lamp"
"Å‚amp","lamp"
"lamp shade","lamp shade"
"lamp stand","lamp stand"
"lamp table","lamp table"
"lampshade","lampshade"
"landing","landing"
"lantern","lantern"
"laptop","laptop"
"laundry","laundry"
"laundry bag","laundry bag"
"laundry basket","laundry basket"
"lundry basket","laundry basket"
"laundry machine","laundry machine"
"lawn","lawn"
"lawn mower","lawn mower"
"lawnmower","lawn mower"
"leaflet","leaflets"
"leaflets","leaflets"
"led  tv","led tv"
"led tv","led tv"
"ledtv","led tv"
" ledTv","led tv"
"ledge","ledge"
"leg rest","leg rest"
"level","level"
"lid","lid"
"lids","lid"
"light","light"
"lights","light"
"light fixture","light fixture"
"light switch","light switch"
"lighter","lighter"
"lighting fixture","lighting fixture"
"lighting grid","lighting fixture"
"liquid","liquid"
"liquid cleaner","liquid cleaner"
"liquid container","liquid container"
"liquid soap","liquid soap"
"locker","locker"
"lounge chair","lounge chair"
"launger","lounger"
"lounger","lounger"
"lower cabinet","lower cabinet"
"luggage","luggage"
"suitcase","luggage"
"machine","machine"
"magazine","magazine"
"unknown/ probably advertisement","magazine"
"unknown/ probably magazine","magazine"
"magazine rack","magazine rack"
"magazines","magazines"
"magazines, albums","magazines"
"magazines, albums, bookshelf","magazines"
"magazines, books and albums","magazines"
"magic marker","magic marker"
"magic marker ","magic marker"
"magic marker box","magic marker box"
"mail","mail"
"mailbox","mailbox"
"make up accesories","makeup accessories"
"mannequin","mannequin"
"mantel","mantel"
"mantle","mantle"
"map","map"
"mascot","mascot"
"mascots","mascots"
"massage bed","massage bed"
"mat","mat"
"mat floor","mat"
"material","material"
"measuring tape","measuring tape"
"medal","medal"
"medal collection","medal collection"
"media console","media console"
"medical lamp","medical lamp"
"medical object","medical object"
"menu","menu"
"menu board","menu board"
"meshwork","meshwork"
"meter","meter"
"microphone","microphone"
"microphone accesory","microphone accessory"
"microvawe","microwave"
"microwave","microwave"
"microweave","microwave"
"miocrowave","microwave"
"mircowave","microwave"
"mini fridge","mini fridge"
"bathroom mirror","mirror"
"framed mirror","mirror"
"miror","mirror"
"mirror","mirror"
"mirror ","mirror"
"mirror stand","mirror"
"wardrobe mirror","mirror"
"mirror /otherroom","mirror /otherroom"
"mirror door","mirror door"
"mirror frame","mirror frame"
"mixer","mixer"
"mobile","mobile"
"model","model"
"modem","modem"
"molding","molding"
"monitor","monitor"
"unknown/ probably monitor","monitor"
"moose head/sculpture/hunting trophy","moose head/sculpture/hunting trophy"
"mop","mop"
"mortar","mortar"
"motion detector","motion detector"
"motion sensor","motion detector"
"motorcycle","motorcycle"
"mouse","mouse"
"pc mouse","mouse"
"mousepad","mousepad"
"mug","mug"
"thermal mug","mug"
"music album shelf","music album shelf"
"musical equipment","music equipment"
"music stand","music equipment stand"
"music player","music player"
"player","music player"
"napkin","napkin"
"napkins","napkins"
"unknown/ probably napkins","napkins"
"newspaper","newspaper"
"newspaper basket","newspaper basket"
"niche","niche"
"night lamp","night lamp"
"nighstand","nightstand"
"night stand","nightstand"
"night table","nightstand"
"nightsand","nightstand"
"nightstand","nightstand"
"nigtstand","nightstand"
"note","note"
"noticeboard","note board"
"notebook","notebook"
"unknown/ probably notebook","notebook"
"notebooks","notebooks"
"notes","notes"
"oar","oar"
"object","object"
"object ","object"
"objects","objects"
"affice chair","office chair"
"office chair","office chair"
"office table","office table"
"office wall","office wall"
"oil lamp","oil lamp"
"ornament","ornament"
"ornaments","ornament"
"ottoman","ottoman"
"outlet","outlet"
"power outlet","outlet"
"oven","oven"
"stove and oven","oven"
"oven and stove","oven and stove"
"oven vent","oven vent"
"overhang","overhang"
"package","package"
"pad","pad"
"painiting","painting"
"painting","painting"
"painting ","painting"
"paintng","painting"
"paintning","painting"
"paiting","painting"
"peinting","painting"
"psinting","painting"
"wall painting","painting"
"painting /otherroom","painting /otherroom"
"painting  frame","painting frame"
"painting frame","painting frame"
"painting roll","painting roll"
"painting rolls","painting rolls"
"painting stuff","painting stuff"
"painting tray","painting tray"
"pan","pan"
"panel","panel"
"wooden panel","panel"
"panel screen","panel screen"
"paneling","paneling"
"pantry","pantry"
"paper","paper"
"paper ","paper"
" paper","paper"
"paper holder","paper holder"
"paper storage","paper storage"
"paper towel","paper towel"
"paper towel dispenser","paper towel dispenser"
"paper towel holder","paper towel holder"
"paper towels","paper towels"
"unknown/ probably paper towel dispenser","paper towels"
"unknown/ probably paper towel holder","paper towels"
"papers","papers"
"pile of papers","papers"
"unknown/ probably letters","papers"
"parapet","parapet"
"partial","partial"
"partition","partition"
"patio","patio"
"patio chair","patio chair"
"patio floor","patio floor"
"pavement","pavement"
"paving","pavement"
"payment terminal","payment terminal"
"pc tower","pc tower"
"pedestal","pedestal"
"pen","pen"
"pen cup","pen cup"
"pendrive","pen drive"
"pencil","pencil"
"pencil case","pencil case"
"pencil holder","pencil holder"
"pendant","pendant"
"perfume","perfume"
"pet bed","pet bed"
"pet bowl","pet bowl"
"office phone","phone"
"phone","phone"
"framed photo","photo"
"photo","photo"
"photography","photo"
"photos","photo"
"photo mount","photo mount"
"poto mount","photo mount"
"photo mounts","photo mounts"
"photo stand","photo stand"
"framed photos","photos"
"piano","piano"
"piano lower part","piano"
"piano bench","piano bench"
"piano stool","piano stool"
"art","picture"
"framed picture","picture"
"image","picture"
"pictrure","picture"
"picture","picture"
"picture ","picture"
"pictures","picture"
"picure","picture"
"unknown picture/window","picture"
"unknown/ probably framed picture","picture"
"wall decoration","picture"
"wall frame","picture"
"picture  frame","picture frame"
"picture frame","picture frame"
"pictured frame","picture frame"
"framed pictures","pictures"
"pile of magazines","pile of magazines"
"phillar","pillar"
"pillar","pillar"
"piillow","pillow"
"pilllow","pillow"
"pillow","pillow"
"pillow ","pillow"
"pillows","pillow"
"unknown/ probably sitting pillow","pillow"
"pillow seat","pillow seat"
"ping pong table","ping pong table"
"pipe","pipe"
"pipe part","pipe"
"pipes","pipe"
"piping","pipe"
"unknown/ probably pipe","pipe"
"vent pipe","pipe"
"ventilation pipe","pipe"
"pitcher","pitcher"
"pitchfork","pitchfork"
"place mat","place mat"
"plane","plane"
"plank","plank"
"planner","planner"
"dacorative plant","decorative plant"
"ornament plant","plant"
"ornamental plant","plant"
"plant","plant"
"plants","plant"
"table plant","plant"
"twigs in vase","plant"
"vegetation","plant"
"plant ornament","plant ornament"
"plastic bag","plastic bag"
"ornamental plate","plate"
"plate","plate"
"unknown/ probably plate","plate"
"plate of food","plate of food"
"plates","plates"
"plstes","plates"
"platform","platform"
"platter","platter"
"playpen","playpen"
"plenum box","plenum box"
"pliers","pliers"
"plug","plug"
"valve","plumbing"
"plunger","plunger"
"toilet plunger","plunger"
"plush toy","plush toy"
"podest","podium"
"podium","podium"
"pole","pole"
"poles","poles"
"pool","pool"
"pool stick","pool stick"
"pool table","pool table"
"porcelain","porcelain"
"portrait","portrait"
"post","post"
"poster","poster"
"poster figure","poster"
"planter","pot"
"pot","pot"
"pots","pot"
"unknown/ probably pot","pot"
"pot lid","pot lid"
"potty","potty"
"pouches","pouches"
"poufe","pouffe"
"pouffe","pouffe"
"powder soap","powder soap"
"power breaker box","power breaker box"
"power cord","power cord"
"power strip","power strip"
"press","press"
"pressure washer","pressure washer"
"price tag","price tag"
"printer","printer"
"unknown/ probably printer","printer"
"product","product"
"prduct box","product box"
"product box","product box"
"product box ","product box"
"product boxes","product boxes"
"products","products"
"projector","projector"
"projector screen","projector screen"
"prop","prop"
"pomp","pump"
"pump","pump"
"punchbag","punchbag"
"puppet","puppet"
"puppet cat","puppet"
"purse","purse"
"purses","purse"
"rack","rack"
"rack of weights","rack of weights"
"rack with shoes","rack with shoes"
"radfiator","radiator"
"radiator","radiator"
"radio","radio"
"unknown/ probably radio","radio"
"rafter","rafter"
"rag","rag"
"ragdoll","ragdoll"
"ragdoll cat","ragdoll cat"
"rail","rail"
"railing","railing"
"rake","rake"
"hood","range hood"
"kitchen hood","range hood"
"oven hood","range hood"
"range hood","range hood"
"receipt printer","receipt printer"
"receipt spike","receipt spike"
"recessed cubby","recessed cubby"
"recessed shelving","recessed shelving"
"recessed wall","recessed wall"
"recliner","recliner"
"record player","record player"
"records","records"
"recuperator","recuperator"
"recycle bin","recycle bin"
"refridgerator","refrigerator"
"refrigearator","refrigerator"
"refrigerator","refrigerator"
"wine refrigerator","refrigerator"
"refrigerator cabinet","refrigerator cabinet"
"relief","relief"
"remote","remote control"
"remote control","remote control"
"remote controller","remote control"
"rice cooker","rice cooker"
"riser","riser"
"robe","robe"
"rock","rock"
"rocks","rock"
"rocking chair","rocking chair"
"rocking horse","rocking horse"
"rod","rod"
"rods","rods"
"roll","roll"
"rolled carpet","rolled carpet"
"rolling pin","rolling pin"
"roof","roof"
"roomba","roomba"
"rope","rope"
"round chair","round chair"
"round cushion","round cushion"
"router","router"
"row of theater chairs","row of theater chairs"
"rug","rug"
"unknown/ probably rug","rug"
"ruler","ruler"
"safe","safe"
"salt and pepper","salt and pepper"
"salt pepper","salt and pepper"
"salt and pepper grinder","salt and pepper grinder"
"salver","salver"
"sandals","sandals"
"saturator","saturator"
"sauna","sauna"
"sauna bowl","sauna bowl"
"sauna heat rocks","sauna heat rocks"
"sauna heater","sauna heater"
"sauna oven","sauna oven"
"sauna seat","sauna seat"
"sauna support","sauna support"
"saw","saw"
"saxophone","saxophone"
"scale","scale"
"scales","scale"
"scanner","scanner"
"scarf","scarf"
"unknown/ probably scarf","scarf"
"schedule","schedule"
"shedule","schedule"
"sconce","sconce"
"scoop","scoop"
"screen","screen"
"screen frame","screen frame"
"screw box","screw box"
"screwdriver","screwdriver"
"sculpture","sculpture"
"seat","seat"
"secretary","secretary"
"security camera","security camera"
"unknown/ probably security detector","security detector"
"self-closing mechanism","self-closing mechanism"
"sensor","sensor"
"separator","separator"
"set of armchairs","set of armchairs"
"set of boxes","set of boxes"
"set of cosmetics","set of cosmetics"
"set of hangers","set of hangers"
"set of knives","set of knives"
"set of pictures","set of pictures"
"set of towels","set of towels"
"set of valves","set of valves"
"sewing box","sewing box"
"sewing machine","sewing machine"
"sewing machine ","sewing machine"
"sewing set","sewing set"
"sewing tools","sewing tools"
"shade","shade"
"shade rail","shade rail"
"shades","shades"
"shampoo","shampoo"
"unknown/ probably shampoo","shampoo"
"unknown/ probably shower gel","shampoo"
"sheet","sheet"
"unknown/ probably sheet","sheet"
"unknown/ probably sheets","sheet"
"sheet music","sheet music"
"sheet music stand","sheet music stand"
"sheets","sheets"
"sheets/ clothes","sheets / clothes"
"paper shelf","shelf"
"shalf","shelf"
"shelf","shelf"
"shelf ","shelf"
"shelve","shelf"
"shlef","shelf"
"table shelf","shelf"
"towel bar shelf","shelf"
"towel shelf","shelf"
"unknown/ probably shelf","shelf"
"wardrobe shelf","shelf"
"shelf/cabinet","shelf / cabinet"
"shelf clutter","shelf clutter"
"shelf cubby","shelf cubby"
"shelf /w art","shelf with art"
"shelf /w clutter","shelf with clutter"
"shelf with cosmetics","shelf with cosmetics"
"shelf with shoes","shelf with shoes"
"shelves","shelving"
"shelving","shelving"
"shelving ","shelving"
"ship model","ship model"
"ship toy","ship toy"
"shirt","shirt"
"shisha","shisha"
"schoe","shoe"
"shoe","shoe"
"shoes","shoe"
"shoe cabinet","shoe cabinet"
"shoe case","shoe case"
"shoe rack","shoe rack"
"shoe shelf","shoe shelf"
"shoehorn","shoehorn"
"pair of shoes","shoes"
"shoes on shelf","shoes on shelf"
"shoes rack","shoes rack"
"shop shelf","shop shelf"
"shoulder bag","shoulder bag"
"shovel","shovel"
"shower","shower"
"shower ","shower"
"unknown/ probably shower cabine","shower"
"shower bar","shower bar"
"shower base","shower base"
"shower battery","shower battery"
"shower bench","shower bench"
"shower cabin","shower cabin"
"shower cabinet","shower cabinet"
"shower caddy","shower caddy"
"shower case","shower case"
"shower ceiling","shower ceiling"
"shower ceiling lamp","shower ceiling lamp"
"shower cockpit","shower cockpit"
"shower cosmetics","shower cosmetics"
"shower curtain","shower curtain"
"shower curtain ","shower curtain"
"shower curtain bar","shower curtain bar"
"shower curtain rod","shower curtain rod"
"  shower dial","shower dial"
"shower dial","shower dial"
"shower door","shower door"
"shower door frame","shower door frame"
"shower door knob","shower door knob"
"shower  floor","shower floor"
"shower floor","shower floor"
"shower frame","shower frame"
"shower glass","shower glass"
"shower grab bar","shower grab bar"
"shower handle","shower handle"
"shower handrail","shower handrail"
"shower hanger","shower hanger"
"shower hose","shower hose"
"shower hose/head","shower hose/head"
"shower  knob","shower knob"
"shower knob","shower knob"
"shower mat","shower mat"
"shower mirror","shower mirror"
"shower pipe","shower pipe"
"shower rail","shower rail"
"shower rod","shower rod"
"shower seat","shower seat"
"shower shelf","shower shelf"
"shower soap shelf","shower soap shelf"
"shower stall","shower stall"
"shower step","shower step"
"shower tap","shower tap"
"shower tray","shower tray"
"shower tub","shower tub"
"shower utensill","shower utensil"
"shower valve","shower valve"
"shower  wall","shower wall"
"shower wall","shower wall"
"shower wall cubby","shower wall cubby"
"shower window frame","shower window frame"
"shower-bath cabinet","shower-bath cabinet"
"handshower","showerhead"
"rain shower","showerhead"
"shower head","showerhead"
"showerhead","showerhead"
"shredder","shredder"
"shutter","shutter"
"shutters","shutters"
"side table","side table"
"sideboard","sideboard"
"sign","sign"
"Å›ign","sign"
"silicone gun","silicone gun"
"silicone tube","silicone tube"
"sink","sink"
"sink ","sink"
"toilet sink","sink"
"sink cabinet","sink cabinet"
"sink pipe","sink pipe"
"sink table","sink table"
"sink tap","sink tap"
"sink/basin","sink/basin"
"sitting bench","sitting bench"
"skateboard","skateboard"
"skates","skates"
"ski","ski"
"skirting board","skirting board"
"sky","sky"
"skylight","skylight"
"slab","slab"
"sled","sled"
"sledge","sledge"
"sleeping bag","sleeping bag"
"door slide","sliding door"
"sliding door","sliding door"
"wardrobe sliding door","sliding door"
"sliding glass door","sliding glass door"
"slippers","slippers"
"small table/stand","small table/stand"
"smoke alarm","smoke alarm"
"smoke detector","smoke detector"
"unknown/ probably fire detector","smoke detector"
"snack","snack"
"soap","soap"
"unknown/ probably liquid soap","soap"
"unknown/ probably soap","soap"
"unknown/ probably washing soap","soap"
"soap bottle","soap bottle"
"sopp bottle","soap bottle"
"soap dish","soap dish"
"soap dish cubby","soap dish cubby"
"soap dispenser","soap dispenser"
"soap dispenser shelf in shower","soap dispenser shelf in shower"
"soap tray","soap tray"
"soapbox","soapbox"
"socket","socket"
"socks","socks"
"sofa","sofa"
"unknown/ probably sofa","sofa"
"sofa chair","sofa chair"
"sofa seat","sofa seat"
"sofa set","sofa set"
"soft chair","soft chair"
"solarium","solarium"
"solarium door","solarium door"
"sombrero","sombrero"
"sound bar","soundbar"
"soundbar","soundbar"
"spa armchair","spa armchair"
"spa bathtub","spa bathtub"
"spa bench","spa bench"
"spa bench ","spa bench"
"spatula","spatula"
"speaker","speaker"
"speaker stand","speaker stand"
"spice boxes","spice boxes"
"spice rack","spice rack"
"spices","spices"
"spirit level","spirit level"
"sponge","sponge"
"spoon","spoon"
"spray","spray"
"spray can","spray can"
"spray can ","spray can"
"sprinkler","sprinkler"
"unknown/ probably fire sprinkler","sprinkler"
"square","square"
"stack","stack"
"stack of albums","stack of albums"
"stack of bags","stack of bags"
"stack of binders","stack of binders"
"stack of blankets","stack of blankets"
"stack of book","stack of books"
"stack of books","stack of books"
"stack of books/ papers","stack of books / papers"
"stack of boxes","stack of boxes"
"stack of cd's","stack of cds"
"stack of cds","stack of cds"
"stack of chairs","stack of chairs"
"stack of clothes","stack of clothes"
"stack of files","stack of files"
"stack of jackets","stack of jackets"
"stack of magazines","stack of magazines"
"stack of music stands","stack of music stands"
"stack of paper","stack of papers"
"stack of papers","stack of papers"
"stack of pillows","stack of pillows"
"stack of plates","stack of plates"
"stack of pots","stack of pots"
"stack of product boxes","stack of product boxes"
"stack of shoes","stack of shoes"
"stack of stuff","stack of stuff"
"stack of t shirts","stack of t-shirts"
"stack of towels","stack of towels"
"stack of trays","stack of trays"
"stack of yarns","stack of yarns"
"stacked chair","stacked chair"
"stacked chairs","stacked chair"
"stage","stage"
"stained glass","stained glass"
"stair","stair"
"stair frame","stair frame"
"stair handle","stair handle"
"stair step","stair step"
"stair wall","stair wall"
"staircase","staircase"
"staircaise handrail","staircase handrail"
"staircase handrail","staircase handrail"
"staircase handrair","staircase handrail"
"staircase trim","staircase trim"
"staircase wall","staircase wall"
"stairs","stairs"
"stairs ","stairs"
"stairs railing","stairs railing"
"stairs skirt","stairs skirt"
"stairs trim","stairs trim"
"stairs wall","stairs wall"
"stairwell","stairwell"
"stand","stand"
"support stand","stand"
"trumpet stand","stand"
"unknown/ probably stand","stand"
"stand/small table","stand/small table"
"stampler","stapler"
"stapler","stapler"
"star","star"
"office stuff","stationery"
"stationary","stationery"
"stationery","stationery"
"statue","statue"
"statue/art","statue/art"
"steel plate","steel plate"
"step","step"
"step stool","step stool"
"stereo","stereo"
"stereo set","stereo set"
"stick","stick"
"sticker book","sticker book"
"sticky notes","sticky notes"
"stoll","stole"
"stone","stone"
"stone bench","stone bench"
"stone support structure","stone support structure"
"stones","stones"
"stonework","stonework"
"stoo","stool"
"stool","stool"
"stools","stools"
"storage","storage"
"storage bin","storage bin"
"storage box","storage box"
"storage cabinet","storage cabinet"
"storage shelving","storage shelving"
"storage space","storage space"
"storage unit","storage unit"
"stove","stove"
"induction hob","stovetop"
"stovetop","stovetop"
"strands","strings"
"strings","strings"
"stroke","stroke"
"strongbox","strongbox"
"stuffed animal","stuffed animal"
"stuffed duck","stuffed animal"
"teddy bear","stuffed animal"
"subwoofer","subwoofer"
"sunbed","sunbed"
"support","support"
"supporting structure","support"
"support beam","support beam"
"support beam ","support beam"
"supporting beam","support beam"
"surface","surface"
"surfboard","surfboard"
"garden swing","swing"
"swing","swing"
"switch","switch"
"switches","switch"
"swivel chair","swivel chair"
"t shirt","t-shirt"
"small table","table"
"table","table"
" table","table"
"TABLE","table"
"table /w books","table"
"table on wheels","table"
"table top","table"
"tabletop","table"
"unknown/ probably folded table","table"
"table cloth","table cloth"
"tablecloth","table cloth"
"table lamp","table lamp"
" table lamp","table lamp"
"unknown/ probably table lamp","table lamp"
"table pad","table pad"
"table stand","table stand"
"table tennis table","table tennis table"
"tablet","tablet"
"tambourine","tambourine"
"Tambourine","tambourine"
"tank","tank"
"unknown/ probably tank","tank"
"tap","tap"
"tap/ water source","tap"
"tapestry","tapestry"
"teaset","tea set"
"teapot","teapot"
"telephone","telephone"
"telephpne","telephone"
"unknown/ probably telephone","telephone"
"telescope","telescope"
"tennis racket","tennis racket"
"tent","tent"
"terrace","terrace"
"thermometer","thermometer"
"temperature control","thermostat"
"thermostat","thermostat"
"three","three"
"throw blanket","throw blanket"
"tile","tile"
"tiles","tiles"
"tiling","tiles"
"tire","tire"
"tire ","tire"
"tissue","tissue"
"tissues","tissue"
"unknown/ probably tissue dispenser","tissue"
"tisse box","tissue box"
"tissue box","tissue box"
"title","title"
"toaster","toaster"
"toester","toaster"
"toster","toaster"
"toaster oven","toaster oven"
"tailet","toilet"
"toiled","toilet"
"toilet","toilet"
"toilet ","toilet"
"toilete","toilet"
"toliet","toilet"
"tolilet","toilet"
"toilet brush","toilet brush"
"toilete brush","toilet brush"
"toilet bowl brush holder","toilet brush holder"
"toilet brush holder","toilet brush holder"
"toilet holder","toilet brush holder"
"toilet cleaner","toilet cleaner"
"rolls of toilet paper","toilet paper"
"teepee","toilet paper"
"toiled paper","toilet paper"
"toilet paper","toilet paper"
" toilet paper","toilet paper"
"toilet paper ","toilet paper"
"toilet paper dispenser","toilet paper dispenser"
"toilet paper holder","toilet paper dispenser"
"toilet paper stand","toilet paper dispenser"
"toilete paper holder","toilet paper dispenser"
"towel paper dispenser","toilet paper dispenser"
"towel paper holder","toilet paper dispenser"
"toilet seat ","toilet seat"
"toilet seat","toilet seat"
"toiletry","toiletry"
"toiletry bag","toiletry bag"
"tool","tool"
"tools","tool"
"tool box","tool box"
"toolbox","tool box"
"tool board","tool rack"
"tool rack","tool rack"
"toothbrush","toothbrush"
"toothpaste","toothpaste"
"torch","torch"
"towel","towel"
" towel","towel"
"towel ","towel"
"towels ","towel"
"towell","towel"
"towels","towel"
"towel bar","towel bar"
"towel hang","towel bar"
"towel hanger","towel bar"
"towel holder","towel bar"
"towel rack","towel bar"
"towel rail","towel bar"
"towel rod","towel bar"
"towel ring","towel ring"
"toy","toy"
" toy","toy"
"toy /otherroom","toy"
"toy mickey mouse","toy"
"toy airplane","toy"
"toy car","toy"
"toy cars","toy"
"toy duck","toy"
"toy trailer","toy"
"toy train","toy"
"toys","toy"
"track","toy"
"traffic cone","traffic cone"
"training mat","training mat"
"trampoline","trampoline"
"trash bag","trash bag"
" toilet bin","trash can"
"toilet bin","trash can"
"trascan","trashcan"
"trash","trashcan"
"trash  bin","trashcan"
"trash bin ","trashcan"
"trash bin","trashcan"
"trash can","trashcan"
"trashcan","trashcan"
"table tray","tray"
"tray","tray"
"threadmill","treadmill"
"treadmill","treadmill"
"tree","tree"
"tree branch","tree branch"
"trimmer","trimmer"
"tabletop trinket","trinket"
"trinket","trinket"
"tripod","tripod"
"troley","trolley"
"trolley","trolley"
"trombone","trombone"
"trofeum","trophy"
"trophies","trophy"
"trophy","trophy"
"trough","trough"
"trumpet","trumpet"
"plasma tv","tv"
"tube","tv"
"tv","tv"
"tv ","tv"
"tv led","tv"
"unknown/ probably home theater player","tv"
"tv decoder","tv remote"
"tv remote","tv remote"
"TV remote","tv remote"
"tv remote control","tv remote"
"tv cabinet","tv stand"
"tv stand","tv stand"
"TV stand","tv stand"
"tv table","tv stand"
"typewriter","typewriter"
"ukulele","ukulele"
"umbrella","umbrella"
"umbrellas","umbrella"
"umbrella stand","umbrella stand"
,"unknown"
",1","unknown"
",4","unknown"
",5","unknown"
",6","unknown"
"/unknown/ probably decoration","unknown"
"bad","unknown"
"ceiling balk","unknown"
"outflow","unknown"
"outside","unknown"
"overlay","unknown"
"paint","unknown"
"pile of stuff","unknown"
"table border","unknown"
"uknknown","unknown"
"uknown","unknown"
"uknown device","unknown"
"umknown","unknown"
"unkknown","unknown"
"unknaown","unknown"
"unknnown","unknown"
"unknon","unknown"
"unknow","unknown"
"unknowm","unknown"
"unknown ","unknown"
"unknown","unknown"
"unknown""","unknown"
"unknown /otherroom","unknown"
"unknown /outside","unknown"
"unknown countertop item","unknown"
"unknown device","unknown"
"unknown facility","unknown"
"unknown kitchen stuff","unknown"
"unknown office stuff","unknown"
"unknown stuff","unknown"
"unknown/","unknown"
"unknown/ probably hand grab","unknown"
"unknwn","unknown"
"unknwom","unknown"
"unknwon","unknown"
"unkown","unknown"
"ups","unknown"
"vice","unknown"
"~aper","unknown"
"unknown/remove","unknown/remove"
"urinal","urinal"
"office utensils","utensil"
"stove utensil","utensil"
"stove utensils","utensil"
"toilet utensil","utensil"
"utensil","utensil"
"vaccum cleaner","vacuum cleaner"
"vacuum cleaner","vacuum cleaner"
"vanity","vanity"
"vanity table","vanity"
"table vase","vase"
"vase","vase"
"vegetables","vegetables"
"heat vent","vent"
"heating vent","vent"
"unknown/ probably air vent","vent"
"vent","vent"
"wall vent","vent"
"ventialtion","ventilation"
"VENTILATION","ventilation"
"ventilation","ventilation"
"ventilator","ventilation"
"ventilation hood","ventilation hood"
"vese","vessel"
"vessel","vessel"
"vessel sink","vessel sink"
"vinyl records","vinyl records"
"violin","violin"
"violin case","violin case"
"waffle iron","waffle iron"
"sauna wall","wall"
"tiled wall","wall"
"unknown wall","wall"
"wal","wall"
"wall ","wall"
" wall","wall"
"wall","wall"
"WALL","wall"
"wall /otheroom","wall"
"wall balk","wall"
"wall balks","wall"
"wall coping","wall"
"wall corridor","wall"
"wall of green","wall"
"wallkitchen island","wall"
"walll","wall"
"wall /outside","wall /outside"
"wall beam","wall beam"
"wall board","wall board"
"wall cabinet","wall cabinet"
"wall  clock","wall clock"
"wall clock","wall clock"
"wall control","wall control"
"wall controll","wall control"
"wall controller","wall control"
"wall cubby","wall cubby"
"wall detail","wall detail"
"wall device","wall electronics"
"wall electronic","wall electronics"
"wall electronics","wall electronics"
"wall hanger","wall hanger"
"wall hanging organizer","wall hanger"
"wall hanging decoration","wall hanging decoration"
"wall niche","wall hanging decoration"
"wall indent","wall indent"
"unknown/ probably wall lamp","wall lamp"
"wall  lamp","wall lamp"
"wall lamp","wall lamp"
" wall lamp","wall lamp"
"wall light","wall lamp"
"wall lmap","wall lamp"
"wall outside","wall outside"
"panel wall","wall panel"
"wall panel","wall panel"
" wall panel","wall panel"
"wall panel frame","wall panel frame"
"wall post","wall post"
"wall shelf","wall shelf"
"wall sign","wall sign"
"wall sing","wall sign"
"wall soap shelf","wall soap shelf"
"wall statue","wall statue"
"wall toilet paper","wall toilet paper"
"wall top","wall top"
"wall tv","wall tv"
"wall TV","wall tv"
"wadrobe","wardrobe"
"wardeobe","wardrobe"
"wardeobe door","wardrobe"
"warderobe","wardrobe"
"wardobe","wardrobe"
"wardrobe ","wardrobe"
"wardrobe","wardrobe"
"wardrobe accesories","wardrobe"
"wardrobe door","wardrobe"
"wardrobe door frame","wardrobe"
"wash basin cabinet","wash cabinet"
"wash cabinet","wash cabinet"
"washbasin cabinet","wash cabinet"
"wash basin","washbasin"
"washbasin","washbasin"
"washbasin ","washbasin"
"washbasin counter","washbasin counter"
"washbasin countertop","washbasin counter"
"washbasin table","washbasin counter"
"washcloth","washcloth"
"washer dryer","washer-dryer"
"washer-dryer","washer-dryer"
"washing machine","washing machine"
"washing machine ","washing machine"
"washing machine and dryer","washing machine and dryer"
"unknown/ probably washing powder","washing powder"
"washing powder","washing powder"
"washing stuff","washing stuff"
"watch","watch"
"water basin","water basin"
"water dispenser","water dispenser"
"water fountain","water fountain"
"water heater","water heater"
"water meter","water meter"
"water outlet","water outlet"
"water pump","water pump"
"water tank","water tank"
"watering can","watering can"
"weight","weight"
"training bench","weight bench"
"weight bench","weight bench"
"weights","weights"
"workout weight","weights"
"wheel","wheel"
"wheelbarrow","wheelbarrow"
"whine shelf","whine shelf"
"whiteboard","whiteboard"
"wifi repeater","wifi router"
"wifi router","wifi router"
"wifi transmitter","wifi router"
"windo","window"
"windor","window"
"window","window"
"window  ","window"
"window ","window"
"winndow  ","window"
"window /wall","window"
"window bars","window"
"window behind shutters","window"
"window glass /outside","window"
"window pane","window"
"window panel","window"
"window panes","window"
"window place","window"
"window rame","window"
"windows","window"
"winndow","window"
"window /otherroom","window /otherroom"
"window /outside","window /outside"
"indow curtain","window curtain"
"window  curtain","window curtain"
"window curtain","window curtain"
"window curtain bar","window curtain"
"widnow frame","window frame"
"windoe frame","window frame"
"window  frame","window frame"
"window fame","window frame"
"window fram","window frame"
"window frame ","window frame"
" window frame","window frame"
" window frame ","window frame"
"windows frame ","window frame"
"window frame","window frame"
"window sill","window frame"
"windowframe","window frame"
"windown frame","window frame"
"windows frame","window frame"
"windowsil","window frame"
"windowsill","window frame"
"windw frame","window frame"
"winndow  frame","window frame"
"window frame /otherroom","window frame /otherroom"
"window  glass","window glass"
"window glass","window glass"
"window seat","window seat"
"windoow shade","window shade"
"window  shade","window shade"
"window shade","window shade"
"window shades","window shade"
"window shutter","window shutter"
"window shutters","window shutters"
"window valence","window valence"
"window/door","window/door"
"wine","wine"
"wine bottle","wine bottle"
"wine cabinet","wine cabinet"
"wine rack","wine rack"
"wine storage","wine storage"
"wire","wire"
"wood","wood"
"wooden balk","wood"
"workout bike","workout bike"
"workstation","workstation"
"worktop","worktop"
"wreath","wreath"
"wrench","wrench"
"joga mat","yoga mat"
"yoga mat","yoga mat"
